start_key,end_key
c4160ae290f80ba9c9aa5bba11648dc2,DE
c4160ae290f80ba9c9aa5bba11648dc2,DE
f86b86eee81c89d7dc049646a43f2981,DK
f86b86eee81c89d7dc049646a43f2981,DK
3e3c7576a3df01635fb0b1b5636f2273,GB
3e3c7576a3df01635fb0b1b5636f2273,GB
3e3c7576a3df01635fb0b1b5636f2273,GB
3e3c7576a3df01635fb0b1b5636f2273,GB
102060f3a1aa7fd3d117681b11cab8c5,US
7e639c74debbf0abdf58c1cae1b36621,US
102060f3a1aa7fd3d117681b11cab8c5,US
f6cbf62f95eb7f905bf50a44783b5595,US
07f0407fc998a1e7687d51a560b7fc89,DK
07f0407fc998a1e7687d51a560b7fc89,DK
ded669cebaa83c45a91a561edef6b11f,DK
ded669cebaa83c45a91a561edef6b11f,DK
3e3c7576a3df01635fb0b1b5636f2273,GB
3e3c7576a3df01635fb0b1b5636f2273,GB
3e3c7576a3df01635fb0b1b5636f2273,GB
3e3c7576a3df01635fb0b1b5636f2273,GB
03e911346577356c42156fb74304ee7b,TW
6983a3371ce9a3824c7f999e35b69373,DK
e22e099288e3782ff07fb06ac9e87602,US
5a28b205b3ee630e564b5bab4179d26b,US
3e3c7576a3df01635fb0b1b5636f2273,GB
3e3c7576a3df01635fb0b1b5636f2273,GB
07f0407fc998a1e7687d51a560b7fc89,DK
07f0407fc998a1e7687d51a560b7fc89,DK
ded669cebaa83c45a91a561edef6b11f,DK
ded669cebaa83c45a91a561edef6b11f,DK
ded669cebaa83c45a91a561edef6b11f,DK
ded669cebaa83c45a91a561edef6b11f,DK
6e34e79ecce54017ee47a7fecba6a10e,DK
6e34e79ecce54017ee47a7fecba6a10e,DK
3e3c7576a3df01635fb0b1b5636f2273,GB
3e3c7576a3df01635fb0b1b5636f2273,GB
3e3c7576a3df01635fb0b1b5636f2273,GB
3e3c7576a3df01635fb0b1b5636f2273,GB
3e3c7576a3df01635fb0b1b5636f2273,GB
3e3c7576a3df01635fb0b1b5636f2273,GB
102060f3a1aa7fd3d117681b11cab8c5,US
102060f3a1aa7fd3d117681b11cab8c5,US
ded669cebaa83c45a91a561edef6b11f,DK
ded669cebaa83c45a91a561edef6b11f,DK
18d2dfd914975c0e26e91c6fd9ed58c1,NL
18d2dfd914975c0e26e91c6fd9ed58c1,NL
102060f3a1aa7fd3d117681b11cab8c5,US
5d48c44da0031c6507a60fee8896945d,US
e22e099288e3782ff07fb06ac9e87602,US
d2f069eab539c22bf5f7f41a0c8cf90d,US
102060f3a1aa7fd3d117681b11cab8c5,US
2aff6aba4c7f11cde9ef7a2f0db22f4a,US
166ec914d916b900ca2097f9076cb230,US
edebef0757bd96af8da2cb22614ac2ea,US
3e3c7576a3df01635fb0b1b5636f2273,GB
0e90f2d972553571dfae3cdf6af6c0f8,DK
75fd12a7c25b539cf507479b1e6daab8,US
75fd12a7c25b539cf507479b1e6daab8,US
4866278c3f189a15b74e25035d17f07d,DK
4866278c3f189a15b74e25035d17f07d,DK
3e3c7576a3df01635fb0b1b5636f2273,GB
3e3c7576a3df01635fb0b1b5636f2273,GB
6e34e79ecce54017ee47a7fecba6a10e,DK
6e34e79ecce54017ee47a7fecba6a10e,DK
e22e099288e3782ff07fb06ac9e87602,US
8614a5609d9f8915121ef8fcf19accad,US
e22e099288e3782ff07fb06ac9e87602,US
d2f069eab539c22bf5f7f41a0c8cf90d,US
3e3c7576a3df01635fb0b1b5636f2273,GB
6e34e79ecce54017ee47a7fecba6a10e,DK
102060f3a1aa7fd3d117681b11cab8c5,US
216fbab2a104bf3775a2de75841e799d,US
3e3c7576a3df01635fb0b1b5636f2273,GB
3e3c7576a3df01635fb0b1b5636f2273,GB
0901e80d2afd44145e83f8a6291878e6,GB
0901e80d2afd44145e83f8a6291878e6,GB
e22e099288e3782ff07fb06ac9e87602,US
56e0d1cda29ceb32002ab55e7c2b20a4,US
102060f3a1aa7fd3d117681b11cab8c5,US
1782ba6eed260b5763e04ba7d4caa3e6,US
102060f3a1aa7fd3d117681b11cab8c5,US
80582dd3d4bbc53f0fc6b0a3c77dbf05,US
102060f3a1aa7fd3d117681b11cab8c5,US
216fbab2a104bf3775a2de75841e799d,US
102060f3a1aa7fd3d117681b11cab8c5,US
312c590ac93bab39406130a374cfe82f,US
6c115926660453c95c8c75e03fa94071,DK
6c115926660453c95c8c75e03fa94071,DK
843ad54aaa2bbb586b1bf1f0574baa56,GB
843ad54aaa2bbb586b1bf1f0574baa56,GB
d7af50c30b2b35b74347ea52b81c5ef9,GB
575ad205a1de984e11b02b6fa1c000fa,GB
575ad205a1de984e11b02b6fa1c000fa,GB
40c9115cada93283365cc9319cd48573,GB
843ad54aaa2bbb586b1bf1f0574baa56,GB
40c9115cada93283365cc9319cd48573,GB
e4fe1a27deac68e0b0074db282f4ca61,GB
e4fe1a27deac68e0b0074db282f4ca61,GB
294346d6b65ac40b836f648183a4a8d8,IR
294346d6b65ac40b836f648183a4a8d8,IR
eb6516913a70fa18916225e81a8da23d,FR
6e8e29061577a0be2647710c5c81423f,IR
b9f870a6580d1b7f6637f5f0e52a5b39,QA
3bcd62d91fbeb72192be3e30333067fb,IR
720111f582f7e3957eb9c58d7db544b1,GR
24e80483c021e71e680c9c63238b106e,IR
99e82b9881f503e5c6128596a109eef9,GB
84154a52f5d58850671cea8f6a1fee2c,GB
84154a52f5d58850671cea8f6a1fee2c,GB
84154a52f5d58850671cea8f6a1fee2c,GB
84154a52f5d58850671cea8f6a1fee2c,GB
08e244e81a3d78e07101e92c8057e922,GB
b872dcda3171070445f47c1552715df9,GB
b872dcda3171070445f47c1552715df9,GB
b6e1bb1cdc451e1740e5ce8a1ae0c7f4,GB
85d80c5ce087b0f85f7153f1e4a7e9ed,GB
54dc14213bf040403893f284f93b7d8b,GB
ec8034b84dcb926430f9d87cee17fa26,GB
ddcdcf5bc70374d76b8b5d7063c71705,GB
ddcdcf5bc70374d76b8b5d7063c71705,GB
54dc14213bf040403893f284f93b7d8b,GB
ddcdcf5bc70374d76b8b5d7063c71705,GB
ddcdcf5bc70374d76b8b5d7063c71705,GB
ddcdcf5bc70374d76b8b5d7063c71705,GB
ec8034b84dcb926430f9d87cee17fa26,GB
ddcdcf5bc70374d76b8b5d7063c71705,GB
ec8034b84dcb926430f9d87cee17fa26,GB
54dc14213bf040403893f284f93b7d8b,GB
54dc14213bf040403893f284f93b7d8b,GB
54dc14213bf040403893f284f93b7d8b,GB
f45a8a8a3ebea68344f5aeb8c4a4550c,GB
ddcdcf5bc70374d76b8b5d7063c71705,GB
5b888a98c354db64c4fe8491fce345fe,GB
54dc14213bf040403893f284f93b7d8b,GB
b872dcda3171070445f47c1552715df9,GB
8824cb65349e468b431df847c9988947,SA
8824cb65349e468b431df847c9988947,SA
98e292ed3c61fda45b2ae9851e3eeddd,TR
3df36f51118365ff9378c892b77c2e6b,TR
baa01e36347a1aed64e7c72ee7a95b54,SA
baa01e36347a1aed64e7c72ee7a95b54,SA
4f3fcab664ac42553b00aedc238c8feb,KY
0af6cb734024e5ff404b9017349adf8f,GB
743b37b912c6f3059f4f93e42ab58171,SA
918657c2a1583f7f26a2c7aaa8852bda,SA
4f3fcab664ac42553b00aedc238c8feb,KY
0af6cb734024e5ff404b9017349adf8f,GB
4f3fcab664ac42553b00aedc238c8feb,KY
0af6cb734024e5ff404b9017349adf8f,GB
ec8d55239863267a3434e7929f10076d,SA
ec8d55239863267a3434e7929f10076d,SA
6205843111d5c326951a75c31f8a61e5,SA
2cfa4881c71c26e87016cdb3c3a5f31c,SA
e0aec2528f0c05a787d53cd4d950a406,SA
e0aec2528f0c05a787d53cd4d950a406,SA
5dfb0d1ee4296e8c4e01d25604f74222,TR
5dfb0d1ee4296e8c4e01d25604f74222,TR
1b515fc70234f196bdfd87a0a79530ad,TR
e22327736b6e8f6c403b302f0c3a0c51,TR
f1f7d5d2b24f3aaa5933f73e92af8e04,US
f1f7d5d2b24f3aaa5933f73e92af8e04,US
4f3fcab664ac42553b00aedc238c8feb,KY
0af6cb734024e5ff404b9017349adf8f,GB
93335ed8cd8150f9fd93d567ae77fa41,GB
93335ed8cd8150f9fd93d567ae77fa41,GB
ee217a14ca40eebffb4e5db6d3d88d4b,BH
ee217a14ca40eebffb4e5db6d3d88d4b,BH
7ce881c67f5e5c374e71cb3386dfd057,SA
7ce881c67f5e5c374e71cb3386dfd057,SA
405dab32b49f83e2b623266693836a72,GB
405dab32b49f83e2b623266693836a72,GB
86cf08b2302e424b7e955e2c379add59,GB
9030b401e86faaa2f7917d35b95963e1,GB
84011e4525fcb543f3b22e904c2592f4,GB
a3749ed8d8e48be98448de6e7edcb987,GB
84011e4525fcb543f3b22e904c2592f4,GB
f9311e4e47999c894fef4144275a85f3,GB
37d80dd932e7397223f316451d65b4b0,GB
7bb74461955b96a000bf2d7ecc351b68,GB
dead5dd044b17b434dc1d6b7e288abb0,GB
9e8123ad87b10223485949208e6396cb,GB
84011e4525fcb543f3b22e904c2592f4,GB
84011e4525fcb543f3b22e904c2592f4,GB
f445332c579e60f817ca90a8966a0781,GB
84011e4525fcb543f3b22e904c2592f4,GB
84011e4525fcb543f3b22e904c2592f4,GB
84011e4525fcb543f3b22e904c2592f4,GB
c599021d4e97e577ec3d774dca0e3cc9,GB
9030b401e86faaa2f7917d35b95963e1,GB
f9311e4e47999c894fef4144275a85f3,GB
84011e4525fcb543f3b22e904c2592f4,GB
e39dc7bd03de40b3f4c443bfb76996c2,GB
3528d835c698ecb0dcaad0dbf8173ae6,GB
85671f65ffb3abd61def49bf33a230c7,GB
dc26e3b2ca897494a6f99a334522bc9a,GB
84011e4525fcb543f3b22e904c2592f4,GB
84011e4525fcb543f3b22e904c2592f4,GB
a1c7a20fc85a12ff6b05506a135700e2,GB
a1c7a20fc85a12ff6b05506a135700e2,GB
a03802c02a773a066d8dabf19204901e,GB
a30f10d83073f4e72a115299a1616077,GB
7bb3f07560284be59a01136d35d277de,GB
ecddb73ca6db55566dd1a0572c004700,GB
ecddb73ca6db55566dd1a0572c004700,GB
fb4ffd3e0f6853f1f2eaa741a4b52162,GB
fb4ffd3e0f6853f1f2eaa741a4b52162,GB
fb4ffd3e0f6853f1f2eaa741a4b52162,GB
fb4ffd3e0f6853f1f2eaa741a4b52162,GB
fb4ffd3e0f6853f1f2eaa741a4b52162,GB
fb4ffd3e0f6853f1f2eaa741a4b52162,GB
ecb2f4293d8071706f7e3bcdd78102f6,GB
93ef316871c3c53f590a321032c3e24a,GB
bb05106fbd7f19dee5bbc02353abca9e,GB
bb05106fbd7f19dee5bbc02353abca9e,GB
6c1cbc6b3eb551d84afa9f525d1107d4,GB
bb05106fbd7f19dee5bbc02353abca9e,GB
bb05106fbd7f19dee5bbc02353abca9e,GB
bb05106fbd7f19dee5bbc02353abca9e,GB
bb05106fbd7f19dee5bbc02353abca9e,GB
bb05106fbd7f19dee5bbc02353abca9e,GB
bb05106fbd7f19dee5bbc02353abca9e,GB
bb05106fbd7f19dee5bbc02353abca9e,GB
bb05106fbd7f19dee5bbc02353abca9e,GB
bb05106fbd7f19dee5bbc02353abca9e,GB
bb05106fbd7f19dee5bbc02353abca9e,GB
7b67ffada033b610d68769f55308f110,GB
bb05106fbd7f19dee5bbc02353abca9e,GB
60eaa983da4a123c8bd35c89e6649b51,GB
7548aed72dfa3991778159345532a8f6,GB
62032f76007a516461abf9524f28891b,AE
62032f76007a516461abf9524f28891b,AE
f902768129efff6f9ac87ec0483c50e8,NL
f902768129efff6f9ac87ec0483c50e8,NL
f902768129efff6f9ac87ec0483c50e8,NL
f902768129efff6f9ac87ec0483c50e8,NL
f06d894e98cd85b689c9142b77b5ac01,AE
f06d894e98cd85b689c9142b77b5ac01,AE
39076d721ac8578dda4402e639fbba2b,IN
39076d721ac8578dda4402e639fbba2b,IN
e548142dfbe3d8a07d7f7e1e0ed5a80e,NL
e548142dfbe3d8a07d7f7e1e0ed5a80e,NL
df6282ec8c67cbcab2ef05066383be93,IN
0deb5031c731795416245827e1f81ba6,IN
74013ea91ba658141354792ee6a7b881,AE
74013ea91ba658141354792ee6a7b881,AE
c0b0d3802637de8a3b39b28c8a0a57ef,GB
1e3d92cc84a0ea30ce289e86f64ac1e0,GB
1e3d92cc84a0ea30ce289e86f64ac1e0,GB
973cbc1c03df5ad1ca4c6c43a01b5633,GB
43004f730feb1f3c6f18c5e4d8b6b907,GB
698e398df8e5f0bcb5dc2e5d5f5dd2ed,GB
ce06e20f41072e18efc019a969c72f46,GB
ce06e20f41072e18efc019a969c72f46,GB
ce06e20f41072e18efc019a969c72f46,GB
6b467521c58161bae60d7e09821f3049,GB
ce06e20f41072e18efc019a969c72f46,GB
ce06e20f41072e18efc019a969c72f46,GB
9bd01bcfa01ea3f89d8972959b3d95d8,GB
9bd01bcfa01ea3f89d8972959b3d95d8,GB
ce06e20f41072e18efc019a969c72f46,GB
9bd01bcfa01ea3f89d8972959b3d95d8,GB
32c6a47d0fe10327dd5161213829ae0e,GB
ad6b0dbff8df23db8ac6252048987498,GB
1e3d92cc84a0ea30ce289e86f64ac1e0,GB
3f294a4bcfd1a2055320e4cb1f617b5e,GB
1e3d92cc84a0ea30ce289e86f64ac1e0,GB
1e3d92cc84a0ea30ce289e86f64ac1e0,GB
1e3d92cc84a0ea30ce289e86f64ac1e0,GB
1e3d92cc84a0ea30ce289e86f64ac1e0,GB
1e3d92cc84a0ea30ce289e86f64ac1e0,GB
1e3d92cc84a0ea30ce289e86f64ac1e0,GB
1e3d92cc84a0ea30ce289e86f64ac1e0,GB
1e3d92cc84a0ea30ce289e86f64ac1e0,GB
1e3d92cc84a0ea30ce289e86f64ac1e0,GB
1e3d92cc84a0ea30ce289e86f64ac1e0,GB
1e3d92cc84a0ea30ce289e86f64ac1e0,GB
1e3d92cc84a0ea30ce289e86f64ac1e0,GB
1e3d92cc84a0ea30ce289e86f64ac1e0,GB
1e3d92cc84a0ea30ce289e86f64ac1e0,GB
1e3d92cc84a0ea30ce289e86f64ac1e0,GB
1e3d92cc84a0ea30ce289e86f64ac1e0,GB
1e3d92cc84a0ea30ce289e86f64ac1e0,GB
1e3d92cc84a0ea30ce289e86f64ac1e0,GB
1e3d92cc84a0ea30ce289e86f64ac1e0,GB
1e3d92cc84a0ea30ce289e86f64ac1e0,GB
9bd01bcfa01ea3f89d8972959b3d95d8,GB
9bd01bcfa01ea3f89d8972959b3d95d8,GB
1e3d92cc84a0ea30ce289e86f64ac1e0,GB
1e3d92cc84a0ea30ce289e86f64ac1e0,GB
50e77e56edb21af002e4ec700a14eb3b,GB
1e3d92cc84a0ea30ce289e86f64ac1e0,GB
1e3d92cc84a0ea30ce289e86f64ac1e0,GB
32c6a47d0fe10327dd5161213829ae0e,GB
1e3d92cc84a0ea30ce289e86f64ac1e0,GB
1e3d92cc84a0ea30ce289e86f64ac1e0,GB
079bd92e5ed7077a998a3c60fb9bb8c4,GB
1e3d92cc84a0ea30ce289e86f64ac1e0,GB
1e3d92cc84a0ea30ce289e86f64ac1e0,GB
9bd01bcfa01ea3f89d8972959b3d95d8,GB
1e3d92cc84a0ea30ce289e86f64ac1e0,GB
1e3d92cc84a0ea30ce289e86f64ac1e0,GB
c933b3fd86cd3ea43850911d788a74da,GB
1e3d92cc84a0ea30ce289e86f64ac1e0,GB
1e3d92cc84a0ea30ce289e86f64ac1e0,GB
1e3d92cc84a0ea30ce289e86f64ac1e0,GB
1e3d92cc84a0ea30ce289e86f64ac1e0,GB
1e3d92cc84a0ea30ce289e86f64ac1e0,GB
1e3d92cc84a0ea30ce289e86f64ac1e0,GB
1e3d92cc84a0ea30ce289e86f64ac1e0,GB
1e3d92cc84a0ea30ce289e86f64ac1e0,GB
1e3d92cc84a0ea30ce289e86f64ac1e0,GB
1e3d92cc84a0ea30ce289e86f64ac1e0,GB
1e3d92cc84a0ea30ce289e86f64ac1e0,GB
ee2f31e7fbe8d3796b4dcdcd91d56073,GB
9bd01bcfa01ea3f89d8972959b3d95d8,GB
32c6a47d0fe10327dd5161213829ae0e,GB
1e3d92cc84a0ea30ce289e86f64ac1e0,GB
9797a2f1fafee06198ddf6a54bb31eb4,GB
86c99462e07395049e8c432b62c4956a,GB
1e3d92cc84a0ea30ce289e86f64ac1e0,GB
1e3d92cc84a0ea30ce289e86f64ac1e0,GB
b7472b46f6f3182fe7a95a3b667e6fdc,GB
b7472b46f6f3182fe7a95a3b667e6fdc,GB
b7472b46f6f3182fe7a95a3b667e6fdc,GB
b7472b46f6f3182fe7a95a3b667e6fdc,GB
698e398df8e5f0bcb5dc2e5d5f5dd2ed,GB
32c6a47d0fe10327dd5161213829ae0e,GB
11760401432b8b50a403c2c46687e711,US
20a5436cd251c2cae55aa689c3c37868,US
ba42db3473039d83beb2e106b9a30060,GB
ba42db3473039d83beb2e106b9a30060,GB
6d53e2e84a628b471d5cb74bc1b429aa,US
ffdc66896966fa0cf909310975fa0ebd,US
43004f730feb1f3c6f18c5e4d8b6b907,GB
43004f730feb1f3c6f18c5e4d8b6b907,GB
802309636b74509d97213539cbe6ec1c,SG
802309636b74509d97213539cbe6ec1c,SG
93d291dd200718e326abb9f4214bb086,US
f7c8e6f87a57f1a0eaab11d76aafe1e2,US
5933ba087bf5357299242bc7dc4eb5af,IN
5933ba087bf5357299242bc7dc4eb5af,IN
811795015f31e6e0ad5be0ee864f43e7,AE
811795015f31e6e0ad5be0ee864f43e7,AE
bd24e49a001e2a9bb89460f78652970a,IN
bd24e49a001e2a9bb89460f78652970a,IN
90ecf27f973cad2c079ae91ee7770dd1,GB
90ecf27f973cad2c079ae91ee7770dd1,GB
7170f153811074bc291b3d590860343d,GR
7170f153811074bc291b3d590860343d,GR
11760401432b8b50a403c2c46687e711,US
7d012dc9884a02d21730e10e623994c7,US
c08937954ad90f39e6cb2fdda361d2e1,GB
2d249ec340b0951fc9b6e94868f8e444,GB
0997d2e29b40ba01e3d1c154b6afe74f,HU
0997d2e29b40ba01e3d1c154b6afe74f,HU
ae47f429a8056c5c911804a956693e56,GB
ae47f429a8056c5c911804a956693e56,GB
981faedbd1ea3ef95ae5cb8f77b14313,GB
981faedbd1ea3ef95ae5cb8f77b14313,GB
8c27efb00e7779c7cba9506aca55e647,GB
c91476b41745e2bd064b25a8c8c27b0a,GB
2fdeca25f47b2ee681702d01d5a0f82c,GB
2fdeca25f47b2ee681702d01d5a0f82c,GB
18b14d78f3784350b9066d585ee309cf,NL
da95bc81630cbcd31644e542ce0144f5,NL
1de179d61afcdfdc773f9469a8cc3b32,LU
1de179d61afcdfdc773f9469a8cc3b32,LU
98d969189736248b61dd3d6121054f52,US
aff1ea7e9f2eedb7670edfa58b217dc4,US
701de2c584197310451df94801867998,ES
701de2c584197310451df94801867998,ES
e5b73cd39aa9b0f8df43ecf56434c2db,SE
e5b73cd39aa9b0f8df43ecf56434c2db,SE
8c27efb00e7779c7cba9506aca55e647,GB
8c27efb00e7779c7cba9506aca55e647,GB
74e274d06708fac677e0795fdabfe25e,US
193123e9dac61c1ac001cfe3d12beb13,US
3567c128c05206aa752c8abb66e254e1,GB
3567c128c05206aa752c8abb66e254e1,GB
c63bf8b46d4e673b7ba149143fcd1c7b,AU
c63bf8b46d4e673b7ba149143fcd1c7b,AU
81866a36c3adf7d87213921c5aadd60b,DE
81866a36c3adf7d87213921c5aadd60b,DE
64e9abeedda8a753c79520d50eda595a,GB
64e9abeedda8a753c79520d50eda595a,GB
54103ec1e1a18a09876779418560b028,GB
54103ec1e1a18a09876779418560b028,GB
11760401432b8b50a403c2c46687e711,US
1acc7cf708e928ae478f3a99c937fd8c,US
3567c128c05206aa752c8abb66e254e1,GB
3567c128c05206aa752c8abb66e254e1,GB
00cd0ef13e4db22da20435c16ff0440a,CA
81bf8938fcc3c2752625f850dfea5adb,CA
7d74a50fd57e5d19115d93f29aa43724,US
cd5fbb7a442edb46de483dfe65d623eb,US
21a599d969fbb9e5b67207fc91e4bcb5,AU
5f14b010f91c57b5b21a6a148a3c4fb3,GB
7d74a50fd57e5d19115d93f29aa43724,US
17fd8869dba067602e916eb077310a06,US
e2856ae927ec51e9bca950b27b582586,GB
e2856ae927ec51e9bca950b27b582586,GB
102060f3a1aa7fd3d117681b11cab8c5,US
d677779321ce317233a3b7bc618c4b4b,US
ba42db3473039d83beb2e106b9a30060,GB
ba42db3473039d83beb2e106b9a30060,GB
11760401432b8b50a403c2c46687e711,US
fd0e6895c2b36ff8b7ccd53e9d041094,US
c88643efeefc7355f601c56af2f9f5ed,US
391315c66d5d2dc6d16edd3b284c0e54,US
ab90d84163257648863384b355e22005,IN
ae47f429a8056c5c911804a956693e56,GB
102060f3a1aa7fd3d117681b11cab8c5,US
391315c66d5d2dc6d16edd3b284c0e54,US
7d74a50fd57e5d19115d93f29aa43724,US
cd5fbb7a442edb46de483dfe65d623eb,US
18b14d78f3784350b9066d585ee309cf,NL
18b14d78f3784350b9066d585ee309cf,NL
11760401432b8b50a403c2c46687e711,US
20a5436cd251c2cae55aa689c3c37868,US
b557a680fdb9f267bf0f71b7d642586e,GB
b557a680fdb9f267bf0f71b7d642586e,GB
701de2c584197310451df94801867998,ES
701de2c584197310451df94801867998,ES
7789c246374b8a75ec375980d487ec91,IS
7789c246374b8a75ec375980d487ec91,IS
93d291dd200718e326abb9f4214bb086,US
f7c8e6f87a57f1a0eaab11d76aafe1e2,US
97233a9b2294707727c9bcb623d46a30,US
391315c66d5d2dc6d16edd3b284c0e54,US
18b14d78f3784350b9066d585ee309cf,NL
18b14d78f3784350b9066d585ee309cf,NL
701de2c584197310451df94801867998,ES
1eec9a98e79994f98ef2cb1101612c89,ES
664791bd2a4ef9b862d11af139ba79d8,ZA
23d9f037b90c5d61e37824e260bfc902,ZA
699f58736fa9118c7793e35ca12e4e31,FR
699f58736fa9118c7793e35ca12e4e31,FR
11760401432b8b50a403c2c46687e711,US
f2d991f136a1c5954a868e9ecbe5e548,GB
c068ad6b0daee784dcb1d5d96f262e34,PL
c068ad6b0daee784dcb1d5d96f262e34,PL
19a46bb7bda8d7b92f1648c9259d0892,PT
19a46bb7bda8d7b92f1648c9259d0892,PT
11760401432b8b50a403c2c46687e711,US
1acc7cf708e928ae478f3a99c937fd8c,US
21a599d969fbb9e5b67207fc91e4bcb5,AU
48a32254d3caa04276e5bad21b7f301c,GB
90ecf27f973cad2c079ae91ee7770dd1,GB
90ecf27f973cad2c079ae91ee7770dd1,GB
11760401432b8b50a403c2c46687e711,US
618301cabbc185b370ae502be7bd0468,US
4e31165770a3625700543c5e78eb1eb7,GB
4e31165770a3625700543c5e78eb1eb7,GB
11760401432b8b50a403c2c46687e711,US
7d012dc9884a02d21730e10e623994c7,US
3567c128c05206aa752c8abb66e254e1,GB
3567c128c05206aa752c8abb66e254e1,GB
c0ee258e8792e5d1089ee0779e93590a,GB
c0ee258e8792e5d1089ee0779e93590a,GB
43004f730feb1f3c6f18c5e4d8b6b907,GB
43004f730feb1f3c6f18c5e4d8b6b907,GB
781a261af07a3a22cd07a80b664e8175,GB
781a261af07a3a22cd07a80b664e8175,GB
d3e2931b9987e22c1d783a0d87c047d7,GB
3567c128c05206aa752c8abb66e254e1,GB
c63bf8b46d4e673b7ba149143fcd1c7b,AU
c63bf8b46d4e673b7ba149143fcd1c7b,AU
8c27efb00e7779c7cba9506aca55e647,GB
8c27efb00e7779c7cba9506aca55e647,GB
3567c128c05206aa752c8abb66e254e1,GB
3567c128c05206aa752c8abb66e254e1,GB
8c27efb00e7779c7cba9506aca55e647,GB
8c27efb00e7779c7cba9506aca55e647,GB
11760401432b8b50a403c2c46687e711,US
7d012dc9884a02d21730e10e623994c7,US
e9f60bc58e842a154af7c1dfed9c63c8,GB
e9f60bc58e842a154af7c1dfed9c63c8,GB
6bf5dfca0f654fbe34f9718e590bd262,RO
6bf5dfca0f654fbe34f9718e590bd262,RO
3503998fdccddecc29d2c0ccd07672ca,IT
3503998fdccddecc29d2c0ccd07672ca,IT
f515bc9e0d15bebaa9434eaedad506a1,SG
f515bc9e0d15bebaa9434eaedad506a1,SG
ae47f429a8056c5c911804a956693e56,GB
ae47f429a8056c5c911804a956693e56,GB
8c27efb00e7779c7cba9506aca55e647,GB
8c27efb00e7779c7cba9506aca55e647,GB
3567c128c05206aa752c8abb66e254e1,GB
3567c128c05206aa752c8abb66e254e1,GB
5f3d36e5606a625f84c304764e67923a,US
391315c66d5d2dc6d16edd3b284c0e54,US
f1f7d5d2b24f3aaa5933f73e92af8e04,US
a001bc82908ad12aaf1d4916460c6a52,US
0884dc06645c2294fa9ab6dc087635ba,US
4e63997011a8d50c742ef0a8ed401245,US
e9b51eb687677569ff538345f4046787,GB
e9b51eb687677569ff538345f4046787,GB
42ba2c5a644545ffa49f66eae8f719d5,GB
42ba2c5a644545ffa49f66eae8f719d5,GB
42ba2c5a644545ffa49f66eae8f719d5,GB
42ba2c5a644545ffa49f66eae8f719d5,GB
e6860df6578f32eb10e5e896c1af6b5f,GB
42ba2c5a644545ffa49f66eae8f719d5,GB
f51a9691131c03ee4c9196794675a2a8,GB
1e3d92cc84a0ea30ce289e86f64ac1e0,GB
1e3d92cc84a0ea30ce289e86f64ac1e0,GB
1e3d92cc84a0ea30ce289e86f64ac1e0,GB
23cb844daaeb34ffc4e759afac30954d,GB
a250f9da3b23f5f11d85f7c18d8af521,GB
de772f6112fe3a83f2273b6b804e8456,GB
d59e6137edc318fad7e9740aa443ed1c,GB
1e3d92cc84a0ea30ce289e86f64ac1e0,GB
1e3d92cc84a0ea30ce289e86f64ac1e0,GB
8064badcd93803f27f3ed321dcdc5b23,GB
7fc7a32c9304e62051fce93a0e46bfb3,GB
1e3d92cc84a0ea30ce289e86f64ac1e0,GB
30a1a78efd3054d1be2c7c3d40bdafb3,GB
30a1a78efd3054d1be2c7c3d40bdafb3,GB
cde2bcb378d7a4de323edd1de0eb518b,GB
1e3d92cc84a0ea30ce289e86f64ac1e0,GB
1e3d92cc84a0ea30ce289e86f64ac1e0,GB
1e3d92cc84a0ea30ce289e86f64ac1e0,GB
1e3d92cc84a0ea30ce289e86f64ac1e0,GB
1e3d92cc84a0ea30ce289e86f64ac1e0,GB
43004f730feb1f3c6f18c5e4d8b6b907,GB
1e3d92cc84a0ea30ce289e86f64ac1e0,GB
cde2bcb378d7a4de323edd1de0eb518b,GB
7a8fac861cc69e708aa89b3c7136c613,GB
1e3d92cc84a0ea30ce289e86f64ac1e0,GB
622c2ab01db3b7b507f1544b0a2974b3,GB
43004f730feb1f3c6f18c5e4d8b6b907,GB
1e3d92cc84a0ea30ce289e86f64ac1e0,GB
f9063598d95022471c05262f170bcf87,GB
1e3d92cc84a0ea30ce289e86f64ac1e0,GB
30a1a78efd3054d1be2c7c3d40bdafb3,GB
30a1a78efd3054d1be2c7c3d40bdafb3,GB
1e3d92cc84a0ea30ce289e86f64ac1e0,GB
1d8fe1cf64a675b9e4e2a33a75e8ae4d,GB
1e3d92cc84a0ea30ce289e86f64ac1e0,GB
bd48457893a293cc5e9da8b91bbe3209,GB
1e3d92cc84a0ea30ce289e86f64ac1e0,GB
1e3d92cc84a0ea30ce289e86f64ac1e0,GB
1e3d92cc84a0ea30ce289e86f64ac1e0,GB
cde2bcb378d7a4de323edd1de0eb518b,GB
a4671658b0f94ad9433e41b8f24de9ea,GB
a4671658b0f94ad9433e41b8f24de9ea,GB
1e3d92cc84a0ea30ce289e86f64ac1e0,GB
1e3d92cc84a0ea30ce289e86f64ac1e0,GB
1e3d92cc84a0ea30ce289e86f64ac1e0,GB
9bd01bcfa01ea3f89d8972959b3d95d8,GB
2cbe2fb04816ee6699b4adca4580434f,GB
c0d6de6678be38e7c0d1a11bfcf81053,GB
1e3d92cc84a0ea30ce289e86f64ac1e0,GB
1e3d92cc84a0ea30ce289e86f64ac1e0,GB
1e3d92cc84a0ea30ce289e86f64ac1e0,GB
1e3d92cc84a0ea30ce289e86f64ac1e0,GB
1e3d92cc84a0ea30ce289e86f64ac1e0,GB
1e3d92cc84a0ea30ce289e86f64ac1e0,GB
1e3d92cc84a0ea30ce289e86f64ac1e0,GB
1e3d92cc84a0ea30ce289e86f64ac1e0,GB
1e3d92cc84a0ea30ce289e86f64ac1e0,GB
1e3d92cc84a0ea30ce289e86f64ac1e0,GB
1e3d92cc84a0ea30ce289e86f64ac1e0,GB
1e3d92cc84a0ea30ce289e86f64ac1e0,GB
1e3d92cc84a0ea30ce289e86f64ac1e0,GB
1e3d92cc84a0ea30ce289e86f64ac1e0,GB
43004f730feb1f3c6f18c5e4d8b6b907,GB
1e3d92cc84a0ea30ce289e86f64ac1e0,GB
43004f730feb1f3c6f18c5e4d8b6b907,GB
32c6a47d0fe10327dd5161213829ae0e,GB
1e3d92cc84a0ea30ce289e86f64ac1e0,GB
1e3d92cc84a0ea30ce289e86f64ac1e0,GB
34c2e21070ce1969baab75433436bf6a,GB
1e3d92cc84a0ea30ce289e86f64ac1e0,GB
1e3d92cc84a0ea30ce289e86f64ac1e0,GB
1e3d92cc84a0ea30ce289e86f64ac1e0,GB
1e3d92cc84a0ea30ce289e86f64ac1e0,GB
ff2a413e4bad6d8f0c3551b59d33155c,GB
1e3d92cc84a0ea30ce289e86f64ac1e0,GB
34c2e21070ce1969baab75433436bf6a,GB
1e3d92cc84a0ea30ce289e86f64ac1e0,GB
110b4f0169e9d15f7aa363a4c9bd2fa4,GB
1e3d92cc84a0ea30ce289e86f64ac1e0,GB
1e3d92cc84a0ea30ce289e86f64ac1e0,GB
1e3d92cc84a0ea30ce289e86f64ac1e0,GB
1e3d92cc84a0ea30ce289e86f64ac1e0,GB
1e3d92cc84a0ea30ce289e86f64ac1e0,GB
1e3d92cc84a0ea30ce289e86f64ac1e0,GB
1e3d92cc84a0ea30ce289e86f64ac1e0,GB
1e3d92cc84a0ea30ce289e86f64ac1e0,GB
1e3d92cc84a0ea30ce289e86f64ac1e0,GB
1e3d92cc84a0ea30ce289e86f64ac1e0,GB
1e3d92cc84a0ea30ce289e86f64ac1e0,GB
1e3d92cc84a0ea30ce289e86f64ac1e0,GB
1e3d92cc84a0ea30ce289e86f64ac1e0,GB
32c6a47d0fe10327dd5161213829ae0e,GB
32c6a47d0fe10327dd5161213829ae0e,GB
1e3d92cc84a0ea30ce289e86f64ac1e0,GB
9bd01bcfa01ea3f89d8972959b3d95d8,GB
1e3d92cc84a0ea30ce289e86f64ac1e0,GB
1e3d92cc84a0ea30ce289e86f64ac1e0,GB
fa4aa72dcd9f437f3f32a922d28ae0dd,GB
1e3d92cc84a0ea30ce289e86f64ac1e0,GB
1e3d92cc84a0ea30ce289e86f64ac1e0,GB
1e3d92cc84a0ea30ce289e86f64ac1e0,GB
1e3d92cc84a0ea30ce289e86f64ac1e0,GB
1e3d92cc84a0ea30ce289e86f64ac1e0,GB
1e3d92cc84a0ea30ce289e86f64ac1e0,GB
1e3d92cc84a0ea30ce289e86f64ac1e0,GB
1e3d92cc84a0ea30ce289e86f64ac1e0,GB
1e3d92cc84a0ea30ce289e86f64ac1e0,GB
1e3d92cc84a0ea30ce289e86f64ac1e0,GB
1e3d92cc84a0ea30ce289e86f64ac1e0,GB
32c6a47d0fe10327dd5161213829ae0e,GB
1e3d92cc84a0ea30ce289e86f64ac1e0,GB
1e3d92cc84a0ea30ce289e86f64ac1e0,GB
32c6a47d0fe10327dd5161213829ae0e,GB
328bd1357f9de2f2ea77023a4c326499,GB
19672bcdb679fe622e078a55d88019fe,GB
ce93ef22a3b632187c89aa3c00194f53,GB
43004f730feb1f3c6f18c5e4d8b6b907,GB
cde2bcb378d7a4de323edd1de0eb518b,GB
1e3d92cc84a0ea30ce289e86f64ac1e0,GB
8680f5af925ec3fc981ac1466001e384,GB
811160affbcd5966e4c554c745bd04a4,GB
ee2f31e7fbe8d3796b4dcdcd91d56073,GB
0ad5725c79a03ed634dd9a1b9bb16a1e,GB
9bd01bcfa01ea3f89d8972959b3d95d8,GB
ee2f31e7fbe8d3796b4dcdcd91d56073,GB
31cd348bfb932905523d4e841fce4302,GB
5a1867cd46f402388eefe7f0ad6f42c5,DE
5a1867cd46f402388eefe7f0ad6f42c5,DE
b57b5a53622844368889b356af79f035,RU
da6aad872c670553df7dec04ae986424,RU
8fd159ff94153979770d4aaa5bf0396b,RU
cb8935b2dbf647f874eb705b31306b7b,RU
081a01f56cdb1b0f613935d4f9866a23,RU
eb0f5b10659d85c918ada8308a3c9b34,RU
a7a3ddcca9fa5644db4c17b163b0381a,JE
a7a3ddcca9fa5644db4c17b163b0381a,JE
05a586f815af6c0c20392a4ac52953a9,GB
05a586f815af6c0c20392a4ac52953a9,GB
ac6460bc21f71ba488314bc40fb96466,US
dd64691596a233ab745b80c5333cfc49,US
62e10a10eb58fada1f5949d46003a5e7,GB
62e10a10eb58fada1f5949d46003a5e7,GB
62e10a10eb58fada1f5949d46003a5e7,GB
62e10a10eb58fada1f5949d46003a5e7,GB
f8ceb8f72e461ddaae8345f46607e03b,GB
f8ceb8f72e461ddaae8345f46607e03b,GB
2aee63177e9ea48cf267fdf67b07ca52,GB
2aee63177e9ea48cf267fdf67b07ca52,GB
38ab2808a7535b8e6c57cf576d4358c8,GB
588e27162f310cb01b11cb266b3c104d,GB
c4149748a4557133563fc1fdb08cad33,GB
3faeb4022ea84d5b4151b964ba279722,GB
3faeb4022ea84d5b4151b964ba279722,GB
922c9a6305171d99f79515f6f19245ff,GB
2a79696f705618df335cd8e5c3def77f,GB
1670d59f89438e0800b0a4ab7c448f63,GB
6afed04c892f1dd30f0709723fb67336,GB
223ffa0238acbb5cb8f4bbb1adc9eb1c,GB
0eeccf4129c4181e7a3f539578ffcf9d,GB
0eeccf4129c4181e7a3f539578ffcf9d,GB
aba2631d66b7bf538197afc569115706,GB
38ab2808a7535b8e6c57cf576d4358c8,GB
aba2631d66b7bf538197afc569115706,GB
aba2631d66b7bf538197afc569115706,GB
e6dc7922710c992755d39f82553e0e5a,GB
1670d59f89438e0800b0a4ab7c448f63,GB
1670d59f89438e0800b0a4ab7c448f63,GB
feded9cb0cb67d1a89c08ab2a2b5a371,GB
aba2631d66b7bf538197afc569115706,GB
ce7ed3cdb67feee6e26503bd78d503a4,GB
0eeccf4129c4181e7a3f539578ffcf9d,GB
3faeb4022ea84d5b4151b964ba279722,GB
1670d59f89438e0800b0a4ab7c448f63,GB
aba2631d66b7bf538197afc569115706,GB
1670d59f89438e0800b0a4ab7c448f63,GB
d929f6e05038509aa383db829d69eb4e,GB
3faeb4022ea84d5b4151b964ba279722,GB
a78a50f1c224d35e6018c01f8179ec31,GB
aba2631d66b7bf538197afc569115706,GB
aba2631d66b7bf538197afc569115706,GB
b072c9ba8cd06b99375d4b3e635719cf,GB
2c732db0a97c17723ee22eec09607f34,GB
1670d59f89438e0800b0a4ab7c448f63,GB
aba2631d66b7bf538197afc569115706,GB
3faeb4022ea84d5b4151b964ba279722,GB
ef25563e7d6615439469ec69a948547a,GB
3e62cc0df73e043ad200b46dad977027,GB
34bd1f4afa3e1a0a16c30038249c1f4d,GB
90a5021e8f4e2ea7481272176f6251a7,GB
1670d59f89438e0800b0a4ab7c448f63,GB
